Country,Year,value
Afghanistan,1990,0.273
Afghanistan,1991,0.279
Afghanistan,1992,0.287
Afghanistan,1993,0.297
Afghanistan,1994,0.292
Afghanistan,1995,0.31
Afghanistan,1996,0.319
Afghanistan,1997,0.323
Afghanistan,1998,0.324
Afghanistan,1999,0.332
Afghanistan,2000,0.335
Afghanistan,2001,0.337
Afghanistan,2002,0.362
Afghanistan,2003,0.376
Afghanistan,2004,0.392
Afghanistan,2005,0.4
Afghanistan,2006,0.409
Afghanistan,2007,0.424
Afghanistan,2008,0.43
Afghanistan,2009,0.44
Afghanistan,2010,0.448
Afghanistan,2011,0.456
Afghanistan,2012,0.466
Afghanistan,2013,0.474
Afghanistan,2014,0.479
Afghanistan,2015,0.478
Afghanistan,2016,0.481
Afghanistan,2017,0.482
Afghanistan,2018,0.483
Afghanistan,2019,0.488
Afghanistan,2020,0.483
Afghanistan,2021,0.478
Antigua and Barbuda,2007,0.802
Antigua and Barbuda,2008,0.801
Antigua and Barbuda,2009,0.795
Antigua and Barbuda,2010,0.79
Antigua and Barbuda,2011,0.783
Antigua and Barbuda,2012,0.787
Antigua and Barbuda,2013,0.787
Antigua and Barbuda,2014,0.789
Antigua and Barbuda,2015,0.791
Antigua and Barbuda,2016,0.794
Antigua and Barbuda,2017,0.795
Antigua and Barbuda,2018,0.798
Antigua and Barbuda,2019,0.8
Antigua and Barbuda,2020,0.788
Antigua and Barbuda,2021,0.788
Australia,1990,0.865
Australia,1991,0.867
Australia,1992,0.869
Australia,1993,0.873
Australia,1994,0.873
Australia,1995,0.882
Australia,1996,0.884
Australia,1997,0.887
Australia,1998,0.891
Australia,1999,0.894
Australia,2000,0.896
Australia,2001,0.9
Australia,2002,0.902
Australia,2003,0.906
Australia,2004,0.908
Australia,2005,0.911
Australia,2006,0.914
Australia,2007,0.915
Australia,2008,0.919
Australia,2009,0.921
Australia,2010,0.923
Australia,2011,0.926
Australia,2012,0.93
Australia,2013,0.929
Australia,2014,0.931
Australia,2015,0.933
Australia,2016,0.935
Australia,2017,0.937
Australia,2018,0.941
Australia,2019,0.941
Australia,2020,0.947
Australia,2021,0.951
Bahamas,1995,0.781
Bahamas,1996,0.787
Bahamas,1997,0.784
Bahamas,1998,0.785
Bahamas,1999,0.794
Bahamas,2000,0.799
Bahamas,2001,0.801
Bahamas,2002,0.804
Bahamas,2003,0.805
Bahamas,2004,0.807
Bahamas,2005,0.811
Bahamas,2006,0.813
Bahamas,2007,0.812
Bahamas,2008,0.812
Bahamas,2009,0.81
Bahamas,2010,0.812
Bahamas,2011,0.812
Bahamas,2012,0.815
Bahamas,2013,0.816
Bahamas,2014,0.82
Bahamas,2015,0.82
Bahamas,2016,0.823
Bahamas,2017,0.825
Bahamas,2018,0.827
Bahamas,2019,0.816
Bahamas,2020,0.815
Bahamas,2021,0.812
Bahrain,1990,0.742
Bahrain,1991,0.743
Bahrain,1992,0.749
Bahrain,1993,0.761
Bahrain,1994,0.764
Bahrain,1995,0.772
Bahrain,1996,0.778
Bahrain,1997,0.78
Bahrain,1998,0.785
Bahrain,1999,0.789
Bahrain,2000,0.798
Bahrain,2001,0.804
Bahrain,2002,0.804
Bahrain,2003,0.806
Bahrain,2004,0.804
Bahrain,2005,0.803
Bahrain,2006,0.804
Bahrain,2007,0.807
Bahrain,2008,0.808
Bahrain,2009,0.806
Bahrain,2010,0.808
Bahrain,2011,0.809
Bahrain,2012,0.817
Bahrain,2013,0.824
Bahrain,2014,0.83
Bahrain,2015,0.858
Bahrain,2016,0.865
Bahrain,2017,0.869
Bahrain,2018,0.879
Bahrain,2019,0.882
Bahrain,2020,0.877
Bahrain,2021,0.875
Bangladesh,1990,0.397
Bangladesh,1991,0.394
Bangladesh,1992,0.413
Bangladesh,1993,0.42
Bangladesh,1994,0.427
Bangladesh,1995,0.436
Bangladesh,1996,0.441
Bangladesh,1997,0.453
Bangladesh,1998,0.467
Bangladesh,1999,0.481
Bangladesh,2000,0.485
Bangladesh,2001,0.492
Bangladesh,2002,0.499
Bangladesh,2003,0.505
Bangladesh,2004,0.511
Bangladesh,2005,0.518
Bangladesh,2006,0.524
Bangladesh,2007,0.527
Bangladesh,2008,0.53
Bangladesh,2009,0.541
Bangladesh,2010,0.553
Bangladesh,2011,0.561
Bangladesh,2012,0.572
Bangladesh,2013,0.574
Bangladesh,2014,0.583
Bangladesh,2015,0.602
Bangladesh,2016,0.612
Bangladesh,2017,0.622
Bangladesh,2018,0.635
Bangladesh,2019,0.644
Bangladesh,2020,0.655
Bangladesh,2021,0.661
Barbados,1990,0.725
Barbados,1991,0.727
Barbados,1992,0.727
Barbados,1993,0.731
Barbados,1994,0.736
Barbados,1995,0.739
Barbados,1996,0.744
Barbados,1997,0.747
Barbados,1998,0.748
Barbados,1999,0.75
Barbados,2000,0.756
Barbados,2001,0.756
Barbados,2002,0.76
Barbados,2003,0.765
Barbados,2004,0.77
Barbados,2005,0.776
Barbados,2006,0.781
Barbados,2007,0.786
Barbados,2008,0.789
Barbados,2009,0.791
Barbados,2010,0.788
Barbados,2011,0.784
Barbados,2012,0.787
Barbados,2013,0.787
Barbados,2014,0.789
Barbados,2015,0.791
Barbados,2016,0.794
Barbados,2017,0.796
Barbados,2018,0.797
Barbados,2019,0.799
Barbados,2020,0.788
Barbados,2021,0.79
Belize,1990,0.593
Belize,1991,0.6
Belize,1992,0.608
Belize,1993,0.614
Belize,1994,0.618
Belize,1995,0.62
Belize,1996,0.623
Belize,1997,0.625
Belize,1998,0.626
Belize,1999,0.633
Belize,2000,0.64
Belize,2001,0.643
Belize,2002,0.652
Belize,2003,0.66
Belize,2004,0.667
Belize,2005,0.664
Belize,2006,0.68
Belize,2007,0.685
Belize,2008,0.693
Belize,2009,0.701
Belize,2010,0.707
Belize,2011,0.709
Belize,2012,0.713
Belize,2013,0.712
Belize,2014,0.709
Belize,2015,0.708
Belize,2016,0.712
Belize,2017,0.707
Belize,2018,0.706
Belize,2019,0.705
Belize,2020,0.69
Belize,2021,0.683
Botswana,1990,0.586
Botswana,1991,0.588
Botswana,1992,0.586
Botswana,1993,0.588
Botswana,1994,0.578
Botswana,1995,0.583
Botswana,1996,0.583
Botswana,1997,0.586
Botswana,1998,0.586
Botswana,1999,0.587
Botswana,2000,0.585
Botswana,2001,0.586
Botswana,2002,0.583
Botswana,2003,0.59
Botswana,2004,0.595
Botswana,2005,0.604
Botswana,2006,0.618
Botswana,2007,0.632
Botswana,2008,0.642
Botswana,2009,0.647
Botswana,2010,0.66
Botswana,2011,0.669
Botswana,2012,0.674
Botswana,2013,0.687
Botswana,2014,0.696
Botswana,2015,0.702
Botswana,2016,0.713
Botswana,2017,0.722
Botswana,2018,0.716
Botswana,2019,0.717
Botswana,2020,0.713
Botswana,2021,0.693
Brunei,1990,0.77
Brunei,1991,0.775
Brunei,1992,0.781
Brunei,1993,0.786
Brunei,1994,0.79
Brunei,1995,0.795
Brunei,1996,0.798
Brunei,1997,0.799
Brunei,1998,0.801
Brunei,1999,0.807
Brunei,2000,0.808
Brunei,2001,0.809
Brunei,2002,0.813
Brunei,2003,0.818
Brunei,2004,0.822
Brunei,2005,0.825
Brunei,2006,0.828
Brunei,2007,0.827
Brunei,2008,0.826
Brunei,2009,0.828
Brunei,2010,0.828
Brunei,2011,0.832
Brunei,2012,0.838
Brunei,2013,0.838
Brunei,2014,0.837
Brunei,2015,0.836
Brunei,2016,0.835
Brunei,2017,0.834
Brunei,2018,0.83
Brunei,2019,0.83
Brunei,2020,0.83
Brunei,2021,0.829
Canada,1990,0.86
Canada,1991,0.864
Canada,1992,0.868
Canada,1993,0.866
Canada,1994,0.872
Canada,1995,0.876
Canada,1996,0.879
Canada,1997,0.88
Canada,1998,0.879
Canada,1999,0.884
Canada,2000,0.89
Canada,2001,0.892
Canada,2002,0.894
Canada,2003,0.897
Canada,2004,0.901
Canada,2005,0.903
Canada,2006,0.907
Canada,2007,0.908
Canada,2008,0.91
Canada,2009,0.909
Canada,2010,0.911
Canada,2011,0.915
Canada,2012,0.921
Canada,2013,0.923
Canada,2014,0.925
Canada,2015,0.926
Canada,2016,0.928
Canada,2017,0.931
Canada,2018,0.933
Canada,2019,0.937
Canada,2020,0.931
Canada,2021,0.936
Cyprus,1990,0.716
Cyprus,1991,0.719
Cyprus,1992,0.726
Cyprus,1993,0.765
Cyprus,1994,0.77
Cyprus,1995,0.776
Cyprus,1996,0.781
Cyprus,1997,0.785
Cyprus,1998,0.794
Cyprus,1999,0.794
Cyprus,2000,0.797
Cyprus,2001,0.804
Cyprus,2002,0.816
Cyprus,2003,0.825
Cyprus,2004,0.83
Cyprus,2005,0.834
Cyprus,2006,0.841
Cyprus,2007,0.848
Cyprus,2008,0.857
Cyprus,2009,0.862
Cyprus,2010,0.857
Cyprus,2011,0.861
Cyprus,2012,0.86
Cyprus,2013,0.861
Cyprus,2014,0.865
Cyprus,2015,0.871
Cyprus,2016,0.877
Cyprus,2017,0.887
Cyprus,2018,0.892
Cyprus,2019,0.897
Cyprus,2020,0.894
Cyprus,2021,0.896
Dominica,2000,0.695
Dominica,2001,0.694
Dominica,2002,0.695
Dominica,2003,0.695
Dominica,2004,0.7
Dominica,2005,0.701
Dominica,2006,0.708
Dominica,2007,0.707
Dominica,2008,0.717
Dominica,2009,0.713
Dominica,2010,0.711
Dominica,2011,0.702
Dominica,2012,0.706
Dominica,2013,0.699
Dominica,2014,0.705
Dominica,2015,0.7
Dominica,2016,0.709
Dominica,2017,0.692
Dominica,2018,0.726
Dominica,2019,0.729
Dominica,2020,0.722
Dominica,2021,0.72
Egypt,1990,0.572
Egypt,1991,0.578
Egypt,1992,0.585
Egypt,1993,0.591
Egypt,1994,0.598
Egypt,1995,0.605
Egypt,1996,0.613
Egypt,1997,0.619
Egypt,1998,0.624
Egypt,1999,0.629
Egypt,2000,0.633
Egypt,2001,0.637
Egypt,2002,0.639
Egypt,2003,0.637
Egypt,2004,0.64
Egypt,2005,0.643
Egypt,2006,0.647
Egypt,2007,0.655
Egypt,2008,0.663
Egypt,2009,0.668
Egypt,2010,0.675
Egypt,2011,0.679
Egypt,2012,0.688
Egypt,2013,0.694
Egypt,2014,0.699
Egypt,2015,0.706
Egypt,2016,0.713
Egypt,2017,0.721
Egypt,2018,0.729
Egypt,2019,0.735
Egypt,2020,0.734
Egypt,2021,0.731
Fiji,1990,0.642
Fiji,1991,0.647
Fiji,1992,0.651
Fiji,1993,0.654
Fiji,1994,0.66
Fiji,1995,0.666
Fiji,1996,0.669
Fiji,1997,0.67
Fiji,1998,0.672
Fiji,1999,0.679
Fiji,2000,0.681
Fiji,2001,0.686
Fiji,2002,0.687
Fiji,2003,0.692
Fiji,2004,0.704
Fiji,2005,0.702
Fiji,2006,0.705
Fiji,2007,0.706
Fiji,2008,0.709
Fiji,2009,0.711
Fiji,2010,0.714
Fiji,2011,0.719
Fiji,2012,0.721
Fiji,2013,0.726
Fiji,2014,0.729
Fiji,2015,0.729
Fiji,2016,0.735
Fiji,2017,0.741
Fiji,2018,0.745
Fiji,2019,0.746
Fiji,2020,0.737
Fiji,2021,0.73
Gambia,1990,0.343
Gambia,1991,0.35
Gambia,1992,0.357
Gambia,1993,0.363
Gambia,1994,0.369
Gambia,1995,0.376
Gambia,1996,0.382
Gambia,1997,0.385
Gambia,1998,0.392
Gambia,1999,0.398
Gambia,2000,0.404
Gambia,2001,0.41
Gambia,2002,0.412
Gambia,2003,0.419
Gambia,2004,0.428
Gambia,2005,0.431
Gambia,2006,0.436
Gambia,2007,0.442
Gambia,2008,0.45
Gambia,2009,0.455
Gambia,2010,0.46
Gambia,2011,0.46
Gambia,2012,0.467
Gambia,2013,0.471
Gambia,2014,0.473
Gambia,2015,0.478
Gambia,2016,0.484
Gambia,2017,0.489
Gambia,2018,0.495
Gambia,2019,0.503
Gambia,2020,0.501
Gambia,2021,0.5
Ghana,1990,0.46
Ghana,1991,0.466
Ghana,1992,0.47
Ghana,1993,0.475
Ghana,1994,0.477
Ghana,1995,0.483
Ghana,1996,0.487
Ghana,1997,0.492
Ghana,1998,0.497
Ghana,1999,0.502
Ghana,2000,0.507
Ghana,2001,0.505
Ghana,2002,0.512
Ghana,2003,0.515
Ghana,2004,0.521
Ghana,2005,0.533
Ghana,2006,0.54
Ghana,2007,0.55
Ghana,2008,0.561
Ghana,2009,0.566
Ghana,2010,0.574
Ghana,2011,0.585
Ghana,2012,0.592
Ghana,2013,0.6
Ghana,2014,0.6
Ghana,2015,0.607
Ghana,2016,0.611
Ghana,2017,0.616
Ghana,2018,0.62
Ghana,2019,0.631
Ghana,2020,0.632
Ghana,2021,0.632
Grenada,2002,0.739
Grenada,2003,0.747
Grenada,2004,0.742
Grenada,2005,0.763
Grenada,2006,0.765
Grenada,2007,0.773
Grenada,2008,0.778
Grenada,2009,0.777
Grenada,2010,0.782
Grenada,2011,0.786
Grenada,2012,0.784
Grenada,2013,0.787
Grenada,2014,0.787
Grenada,2015,0.79
Grenada,2016,0.791
Grenada,2017,0.794
Grenada,2018,0.797
Grenada,2019,0.8
Grenada,2020,0.792
Grenada,2021,0.795
Guyana,1990,0.509
Guyana,1991,0.505
Guyana,1992,0.52
Guyana,1993,0.534
Guyana,1994,0.544
Guyana,1995,0.549
Guyana,1996,0.559
Guyana,1997,0.564
Guyana,1998,0.569
Guyana,1999,0.573
Guyana,2000,0.577
Guyana,2001,0.584
Guyana,2002,0.59
Guyana,2003,0.598
Guyana,2004,0.612
Guyana,2005,0.622
Guyana,2006,0.631
Guyana,2007,0.638
Guyana,2008,0.644
Guyana,2009,0.649
Guyana,2010,0.656
Guyana,2011,0.665
Guyana,2012,0.669
Guyana,2013,0.673
Guyana,2014,0.681
Guyana,2015,0.684
Guyana,2016,0.691
Guyana,2017,0.695
Guyana,2018,0.701
Guyana,2019,0.708
Guyana,2020,0.721
Guyana,2021,0.714
Hong Kong,1990,0.788
Hong Kong,1991,0.794
Hong Kong,1992,0.802
Hong Kong,1993,0.811
Hong Kong,1994,0.819
Hong Kong,1995,0.825
Hong Kong,1996,0.831
Hong Kong,1997,0.837
Hong Kong,1998,0.839
Hong Kong,1999,0.843
Hong Kong,2000,0.851
Hong Kong,2001,0.856
Hong Kong,2002,0.859
Hong Kong,2003,0.864
Hong Kong,2004,0.872
Hong Kong,2005,0.879
Hong Kong,2006,0.887
Hong Kong,2007,0.894
Hong Kong,2008,0.899
Hong Kong,2009,0.9
Hong Kong,2010,0.907
Hong Kong,2011,0.914
Hong Kong,2012,0.918
Hong Kong,2013,0.924
Hong Kong,2014,0.93
Hong Kong,2015,0.935
Hong Kong,2016,0.938
Hong Kong,2017,0.944
Hong Kong,2018,0.949
Hong Kong,2019,0.952
Hong Kong,2020,0.949
Hong Kong,2021,0.952
India,1990,0.434
India,1991,0.437
India,1992,0.442
India,1993,0.446
India,1994,0.452
India,1995,0.458
India,1996,0.466
India,1997,0.471
India,1998,0.478
India,1999,0.486
India,2000,0.491
India,2001,0.496
India,2002,0.503
India,2003,0.516
India,2004,0.525
India,2005,0.534
India,2006,0.543
India,2007,0.553
India,2008,0.56
India,2009,0.565
India,2010,0.575
India,2011,0.588
India,2012,0.598
India,2013,0.607
India,2014,0.619
India,2015,0.629
India,2016,0.639
India,2017,0.644
India,2018,0.645
India,2019,0.645
India,2020,0.642
India,2021,0.633
Iraq,1990,0.528
Iraq,1991,0.496
Iraq,1992,0.524
Iraq,1993,0.545
Iraq,1994,0.543
Iraq,1995,0.532
Iraq,1996,0.551
Iraq,1997,0.558
Iraq,1998,0.571
Iraq,1999,0.582
Iraq,2000,0.589
Iraq,2001,0.596
Iraq,2002,0.598
Iraq,2003,0.579
Iraq,2004,0.602
Iraq,2005,0.606
Iraq,2006,0.604
Iraq,2007,0.607
Iraq,2008,0.623
Iraq,2009,0.633
Iraq,2010,0.64
Iraq,2011,0.649
Iraq,2012,0.66
Iraq,2013,0.667
Iraq,2014,0.67
Iraq,2015,0.675
Iraq,2016,0.679
Iraq,2017,0.685
Iraq,2018,0.692
Iraq,2019,0.696
Iraq,2020,0.679
Iraq,2021,0.686
Ireland,1990,0.737
Ireland,1991,0.743
Ireland,1992,0.751
Ireland,1993,0.76
Ireland,1994,0.771
Ireland,1995,0.777
Ireland,1996,0.785
Ireland,1997,0.794
Ireland,1998,0.83
Ireland,1999,0.837
Ireland,2000,0.847
Ireland,2001,0.855
Ireland,2002,0.864
Ireland,2003,0.873
Ireland,2004,0.881
Ireland,2005,0.888
Ireland,2006,0.891
Ireland,2007,0.896
Ireland,2008,0.899
Ireland,2009,0.895
Ireland,2010,0.904
Ireland,2011,0.902
Ireland,2012,0.903
Ireland,2013,0.908
Ireland,2014,0.914
Ireland,2015,0.925
Ireland,2016,0.929
Ireland,2017,0.934
Ireland,2018,0.937
Ireland,2019,0.942
Ireland,2020,0.943
Ireland,2021,0.945
Israel,1990,0.787
Israel,1991,0.793
Israel,1992,0.797
Israel,1993,0.804
Israel,1994,0.808
Israel,1995,0.811
Israel,1996,0.818
Israel,1997,0.825
Israel,1998,0.833
Israel,1999,0.841
Israel,2000,0.844
Israel,2001,0.848
Israel,2002,0.854
Israel,2003,0.855
Israel,2004,0.858
Israel,2005,0.866
Israel,2006,0.874
Israel,2007,0.885
Israel,2008,0.885
Israel,2009,0.889
Israel,2010,0.894
Israel,2011,0.897
Israel,2012,0.898
Israel,2013,0.904
Israel,2014,0.908
Israel,2015,0.909
Israel,2016,0.913
Israel,2017,0.917
Israel,2018,0.919
Israel,2019,0.921
Israel,2020,0.917
Israel,2021,0.919
Jamaica,1990,0.659
Jamaica,1991,0.662
Jamaica,1992,0.663
Jamaica,1993,0.667
Jamaica,1994,0.668
Jamaica,1995,0.669
Jamaica,1996,0.669
Jamaica,1997,0.668
Jamaica,1998,0.666
Jamaica,1999,0.667
Jamaica,2000,0.664
Jamaica,2001,0.673
Jamaica,2002,0.677
Jamaica,2003,0.671
Jamaica,2004,0.687
Jamaica,2005,0.69
Jamaica,2006,0.694
Jamaica,2007,0.697
Jamaica,2008,0.7
Jamaica,2009,0.7
Jamaica,2010,0.704
Jamaica,2011,0.709
Jamaica,2012,0.713
Jamaica,2013,0.714
Jamaica,2014,0.714
Jamaica,2015,0.713
Jamaica,2016,0.712
Jamaica,2017,0.715
Jamaica,2018,0.716
Jamaica,2019,0.719
Jamaica,2020,0.713
Jamaica,2021,0.709
Jordan,1990,0.622
Jordan,1991,0.625
Jordan,1992,0.637
Jordan,1993,0.641
Jordan,1994,0.644
Jordan,1995,0.651
Jordan,1996,0.655
Jordan,1997,0.661
Jordan,1998,0.666
Jordan,1999,0.671
Jordan,2000,0.678
Jordan,2001,0.685
Jordan,2002,0.692
Jordan,2003,0.698
Jordan,2004,0.709
Jordan,2005,0.716
Jordan,2006,0.722
Jordan,2007,0.729
Jordan,2008,0.734
Jordan,2009,0.731
Jordan,2010,0.725
Jordan,2011,0.721
Jordan,2012,0.721
Jordan,2013,0.719
Jordan,2014,0.719
Jordan,2015,0.718
Jordan,2016,0.718
Jordan,2017,0.718
Jordan,2018,0.723
Jordan,2019,0.727
Jordan,2020,0.723
Jordan,2021,0.72
Kenya,1990,0.474
Kenya,1991,0.474
Kenya,1992,0.473
Kenya,1993,0.471
Kenya,1994,0.473
Kenya,1995,0.475
Kenya,1996,0.477
Kenya,1997,0.477
Kenya,1998,0.479
Kenya,1999,0.48
Kenya,2000,0.481
Kenya,2001,0.485
Kenya,2002,0.485
Kenya,2003,0.495
Kenya,2004,0.508
Kenya,2005,0.516
Kenya,2006,0.525
Kenya,2007,0.533
Kenya,2008,0.539
Kenya,2009,0.539
Kenya,2010,0.545
Kenya,2011,0.55
Kenya,2012,0.552
Kenya,2013,0.554
Kenya,2014,0.558
Kenya,2015,0.561
Kenya,2016,0.569
Kenya,2017,0.572
Kenya,2018,0.577
Kenya,2019,0.581
Kenya,2020,0.578
Kenya,2021,0.575
Kiribati,2000,0.549
Kiribati,2001,0.59
Kiribati,2002,0.587
Kiribati,2003,0.593
Kiribati,2004,0.59
Kiribati,2005,0.591
Kiribati,2006,0.586
Kiribati,2007,0.587
Kiribati,2008,0.588
Kiribati,2009,0.585
Kiribati,2010,0.589
Kiribati,2011,0.587
Kiribati,2012,0.594
Kiribati,2013,0.602
Kiribati,2014,0.61
Kiribati,2015,0.622
Kiribati,2016,0.617
Kiribati,2017,0.621
Kiribati,2018,0.622
Kiribati,2019,0.63
Kiribati,2020,0.623
Kiribati,2021,0.624
Kuwait,1990,0.718
Kuwait,1991,0.68
Kuwait,1992,0.678
Kuwait,1993,0.705
Kuwait,1994,0.733
Kuwait,1995,0.759
Kuwait,1996,0.782
Kuwait,1997,0.786
Kuwait,1998,0.789
Kuwait,1999,0.787
Kuwait,2000,0.787
Kuwait,2001,0.781
Kuwait,2002,0.784
Kuwait,2003,0.793
Kuwait,2004,0.797
Kuwait,2005,0.798
Kuwait,2006,0.799
Kuwait,2007,0.802
Kuwait,2008,0.807
Kuwait,2009,0.81
Kuwait,2010,0.813
Kuwait,2011,0.82
Kuwait,2012,0.826
Kuwait,2013,0.819
Kuwait,2014,0.823
Kuwait,2015,0.83
Kuwait,2016,0.833
Kuwait,2017,0.835
Kuwait,2018,0.836
Kuwait,2019,0.839
Kuwait,2020,0.822
Kuwait,2021,0.831
Lesotho,1990,0.479
Lesotho,1991,0.478
Lesotho,1992,0.476
Lesotho,1993,0.472
Lesotho,1994,0.475
Lesotho,1995,0.472
Lesotho,1996,0.467
Lesotho,1997,0.462
Lesotho,1998,0.46
Lesotho,1999,0.452
Lesotho,2000,0.452
Lesotho,2001,0.448
Lesotho,2002,0.446
Lesotho,2003,0.449
Lesotho,2004,0.448
Lesotho,2005,0.448
Lesotho,2006,0.446
Lesotho,2007,0.452
Lesotho,2008,0.457
Lesotho,2009,0.457
Lesotho,2010,0.467
Lesotho,2011,0.475
Lesotho,2012,0.486
Lesotho,2013,0.49
Lesotho,2014,0.496
Lesotho,2015,0.503
Lesotho,2016,0.514
Lesotho,2017,0.518
Lesotho,2018,0.522
Lesotho,2019,0.524
Lesotho,2020,0.521
Lesotho,2021,0.514
Malawi,1990,0.303
Malawi,1991,0.309
Malawi,1992,0.319
Malawi,1993,0.327
Malawi,1994,0.326
Malawi,1995,0.367
Malawi,1996,0.368
Malawi,1997,0.369
Malawi,1998,0.369
Malawi,1999,0.375
Malawi,2000,0.374
Malawi,2001,0.38
Malawi,2002,0.386
Malawi,2003,0.393
Malawi,2004,0.4
Malawi,2005,0.406
Malawi,2006,0.415
Malawi,2007,0.423
Malawi,2008,0.433
Malawi,2009,0.445
Malawi,2010,0.456
Malawi,2011,0.463
Malawi,2012,0.47
Malawi,2013,0.478
Malawi,2014,0.487
Malawi,2015,0.491
Malawi,2016,0.498
Malawi,2017,0.505
Malawi,2018,0.51
Malawi,2019,0.519
Malawi,2020,0.516
Malawi,2021,0.512
Malaysia,1990,0.64
Malaysia,1991,0.648
Malaysia,1992,0.656
Malaysia,1993,0.663
Malaysia,1994,0.671
Malaysia,1995,0.679
Malaysia,1996,0.689
Malaysia,1997,0.7
Malaysia,1998,0.703
Malaysia,1999,0.709
Malaysia,2000,0.721
Malaysia,2001,0.722
Malaysia,2002,0.724
Malaysia,2003,0.732
Malaysia,2004,0.735
Malaysia,2005,0.732
Malaysia,2006,0.736
Malaysia,2007,0.747
Malaysia,2008,0.756
Malaysia,2009,0.762
Malaysia,2010,0.769
Malaysia,2011,0.773
Malaysia,2012,0.78
Malaysia,2013,0.785
Malaysia,2014,0.792
Malaysia,2015,0.797
Malaysia,2016,0.803
Malaysia,2017,0.805
Malaysia,2018,0.807
Malaysia,2019,0.81
Malaysia,2020,0.806
Malaysia,2021,0.803
Maldives,1995,0.582
Maldives,1996,0.593
Maldives,1997,0.6
Maldives,1998,0.606
Maldives,1999,0.619
Maldives,2000,0.628
Maldives,2001,0.633
Maldives,2002,0.636
Maldives,2003,0.65
Maldives,2004,0.65
Maldives,2005,0.649
Maldives,2006,0.664
Maldives,2007,0.665
Maldives,2008,0.677
Maldives,2009,0.68
Maldives,2010,0.688
Maldives,2011,0.7
Maldives,2012,0.709
Maldives,2013,0.718
Maldives,2014,0.728
Maldives,2015,0.736
Maldives,2016,0.741
Maldives,2017,0.746
Maldives,2018,0.75
Maldives,2019,0.755
Maldives,2020,0.734
Maldives,2021,0.747
Malta,1990,0.73
Malta,1991,0.733
Malta,1992,0.737
Malta,1993,0.747
Malta,1994,0.751
Malta,1995,0.758
Malta,1996,0.756
Malta,1997,0.766
Malta,1998,0.776
Malta,1999,0.78
Malta,2000,0.779
Malta,2001,0.796
Malta,2002,0.8
Malta,2003,0.812
Malta,2004,0.825
Malta,2005,0.832
Malta,2006,0.831
Malta,2007,0.837
Malta,2008,0.841
Malta,2009,0.847
Malta,2010,0.861
Malta,2011,0.857
Malta,2012,0.864
Malta,2013,0.872
Malta,2014,0.881
Malta,2015,0.889
Malta,2016,0.891
Malta,2017,0.901
Malta,2018,0.91
Malta,2019,0.915
Malta,2020,0.911
Malta,2021,0.918
Mauritius,1990,0.626
Mauritius,1991,0.633
Mauritius,1992,0.639
Mauritius,1993,0.643
Mauritius,1994,0.646
Mauritius,1995,0.651
Mauritius,1996,0.654
Mauritius,1997,0.66
Mauritius,1998,0.667
Mauritius,1999,0.674
Mauritius,2000,0.681
Mauritius,2001,0.69
Mauritius,2002,0.694
Mauritius,2003,0.703
Mauritius,2004,0.71
Mauritius,2005,0.719
Mauritius,2006,0.726
Mauritius,2007,0.734
Mauritius,2008,0.741
Mauritius,2009,0.749
Mauritius,2010,0.755
Mauritius,2011,0.762
Mauritius,2012,0.775
Mauritius,2013,0.782
Mauritius,2014,0.793
Mauritius,2015,0.795
Mauritius,2016,0.801
Mauritius,2017,0.805
Mauritius,2018,0.811
Mauritius,2019,0.817
Mauritius,2020,0.804
Mauritius,2021,0.802
Myanmar,1990,0.333
Myanmar,1991,0.343
Myanmar,1992,0.356
Myanmar,1993,0.363
Myanmar,1994,0.369
Myanmar,1995,0.374
Myanmar,1996,0.381
Myanmar,1997,0.385
Myanmar,1998,0.392
Myanmar,1999,0.401
Myanmar,2000,0.41
Myanmar,2001,0.42
Myanmar,2002,0.43
Myanmar,2003,0.44
Myanmar,2004,0.45
Myanmar,2005,0.46
Myanmar,2006,0.47
Myanmar,2007,0.48
Myanmar,2008,0.465
Myanmar,2009,0.501
Myanmar,2010,0.51
Myanmar,2011,0.521
Myanmar,2012,0.531
Myanmar,2013,0.543
Myanmar,2014,0.553
Myanmar,2015,0.562
Myanmar,2016,0.572
Myanmar,2017,0.58
Myanmar,2018,0.59
Myanmar,2019,0.598
Myanmar,2020,0.6
Myanmar,2021,0.585
Namibia,1990,0.579
Namibia,1991,0.585
Namibia,1992,0.588
Namibia,1993,0.588
Namibia,1994,0.587
Namibia,1995,0.582
Namibia,1996,0.571
Namibia,1997,0.562
Namibia,1998,0.557
Namibia,1999,0.548
Namibia,2000,0.546
Namibia,2001,0.543
Namibia,2002,0.545
Namibia,2003,0.548
Namibia,2004,0.552
Namibia,2005,0.555
Namibia,2006,0.561
Namibia,2007,0.569
Namibia,2008,0.576
Namibia,2009,0.581
Namibia,2010,0.585
Namibia,2011,0.592
Namibia,2012,0.601
Namibia,2013,0.611
Namibia,2014,0.621
Namibia,2015,0.628
Namibia,2016,0.632
Namibia,2017,0.635
Namibia,2018,0.636
Namibia,2019,0.639
Namibia,2020,0.633
Namibia,2021,0.615
Nepal,1990,0.399
Nepal,1991,0.408
Nepal,1992,0.416
Nepal,1993,0.421
Nepal,1994,0.428
Nepal,1995,0.433
Nepal,1996,0.442
Nepal,1997,0.449
Nepal,1998,0.455
Nepal,1999,0.461
Nepal,2000,0.467
Nepal,2001,0.469
Nepal,2002,0.476
Nepal,2003,0.482
Nepal,2004,0.489
Nepal,2005,0.495
Nepal,2006,0.505
Nepal,2007,0.509
Nepal,2008,0.518
Nepal,2009,0.53
Nepal,2010,0.543
Nepal,2011,0.553
Nepal,2012,0.561
Nepal,2013,0.57
Nepal,2014,0.576
Nepal,2015,0.579
Nepal,2016,0.586
Nepal,2017,0.594
Nepal,2018,0.601
Nepal,2019,0.611
Nepal,2020,0.604
Nepal,2021,0.602
New Zealand,1990,0.806
New Zealand,1991,0.811
New Zealand,1992,0.818
New Zealand,1993,0.833
New Zealand,1994,0.846
New Zealand,1995,0.853
New Zealand,1996,0.857
New Zealand,1997,0.865
New Zealand,1998,0.874
New Zealand,1999,0.878
New Zealand,2000,0.887
New Zealand,2001,0.894
New Zealand,2002,0.897
New Zealand,2003,0.903
New Zealand,2004,0.906
New Zealand,2005,0.912
New Zealand,2006,0.913
New Zealand,2007,0.916
New Zealand,2008,0.915
New Zealand,2009,0.919
New Zealand,2010,0.922
New Zealand,2011,0.922
New Zealand,2012,0.924
New Zealand,2013,0.929
New Zealand,2014,0.93
New Zealand,2015,0.931
New Zealand,2016,0.934
New Zealand,2017,0.935
New Zealand,2018,0.936
New Zealand,2019,0.937
New Zealand,2020,0.936
New Zealand,2021,0.937
Nigeria,2003,0.45
Nigeria,2004,0.462
Nigeria,2005,0.469
Nigeria,2006,0.477
Nigeria,2007,0.48
Nigeria,2008,0.484
Nigeria,2009,0.484
Nigeria,2010,0.482
Nigeria,2011,0.492
Nigeria,2012,0.499
Nigeria,2013,0.506
Nigeria,2014,0.512
Nigeria,2015,0.516
Nigeria,2016,0.521
Nigeria,2017,0.526
Nigeria,2018,0.531
Nigeria,2019,0.538
Nigeria,2020,0.535
Nigeria,2021,0.535
Oman,2000,0.705
Oman,2001,0.716
Oman,2002,0.723
Oman,2003,0.731
Oman,2004,0.739
Oman,2005,0.745
Oman,2006,0.753
Oman,2007,0.762
Oman,2008,0.772
Oman,2009,0.783
Oman,2010,0.788
Oman,2011,0.793
Oman,2012,0.802
Oman,2013,0.809
Oman,2014,0.814
Oman,2015,0.823
Oman,2016,0.833
Oman,2017,0.831
Oman,2018,0.834
Oman,2019,0.839
Oman,2020,0.827
Oman,2021,0.816
Pakistan,1990,0.4
Pakistan,1991,0.404
Pakistan,1992,0.409
Pakistan,1993,0.41
Pakistan,1994,0.414
Pakistan,1995,0.417
Pakistan,1996,0.423
Pakistan,1997,0.425
Pakistan,1998,0.43
Pakistan,1999,0.435
Pakistan,2000,0.441
Pakistan,2001,0.448
Pakistan,2002,0.454
Pakistan,2003,0.462
Pakistan,2004,0.475
Pakistan,2005,0.484
Pakistan,2006,0.493
Pakistan,2007,0.499
Pakistan,2008,0.498
Pakistan,2009,0.502
Pakistan,2010,0.505
Pakistan,2011,0.508
Pakistan,2012,0.513
Pakistan,2013,0.518
Pakistan,2014,0.527
Pakistan,2015,0.534
Pakistan,2016,0.541
Pakistan,2017,0.543
Pakistan,2018,0.545
Pakistan,2019,0.546
Pakistan,2020,0.543
Pakistan,2021,0.544
Papua New Guinea,1990,0.37
Papua New Guinea,1991,0.38
Papua New Guinea,1992,0.391
Papua New Guinea,1993,0.405
Papua New Guinea,1994,0.419
Papua New Guinea,1995,0.423
Papua New Guinea,1996,0.43
Papua New Guinea,1997,0.432
Papua New Guinea,1998,0.435
Papua New Guinea,1999,0.444
Papua New Guinea,2000,0.447
Papua New Guinea,2001,0.451
Papua New Guinea,2002,0.455
Papua New Guinea,2003,0.461
Papua New Guinea,2004,0.461
Papua New Guinea,2005,0.466
Papua New Guinea,2006,0.469
Papua New Guinea,2007,0.478
Papua New Guinea,2008,0.484
Papua New Guinea,2009,0.49
Papua New Guinea,2010,0.499
Papua New Guinea,2011,0.504
Papua New Guinea,2012,0.513
Papua New Guinea,2013,0.518
Papua New Guinea,2014,0.533
Papua New Guinea,2015,0.541
Papua New Guinea,2016,0.547
Papua New Guinea,2017,0.552
Papua New Guinea,2018,0.554
Papua New Guinea,2019,0.56
Papua New Guinea,2020,0.56
Papua New Guinea,2021,0.558
Qatar,1990,0.758
Qatar,1991,0.754
Qatar,1992,0.756
Qatar,1993,0.763
Qatar,1994,0.77
Qatar,1995,0.775
Qatar,1996,0.782
Qatar,1997,0.795
Qatar,1998,0.799
Qatar,1999,0.802
Qatar,2000,0.801
Qatar,2001,0.803
Qatar,2002,0.809
Qatar,2003,0.819
Qatar,2004,0.822
Qatar,2005,0.827
Qatar,2006,0.825
Qatar,2007,0.834
Qatar,2008,0.84
Qatar,2009,0.838
Qatar,2010,0.834
Qatar,2011,0.844
Qatar,2012,0.829
Qatar,2013,0.834
Qatar,2014,0.839
Qatar,2015,0.846
Qatar,2016,0.85
Qatar,2017,0.849
Qatar,2018,0.853
Qatar,2019,0.859
Qatar,2020,0.854
Qatar,2021,0.855
Saint Lucia,1990,0.69
Saint Lucia,1991,0.691
Saint Lucia,1992,0.695
Saint Lucia,1993,0.695
Saint Lucia,1994,0.695
Saint Lucia,1995,0.694
Saint Lucia,1996,0.696
Saint Lucia,1997,0.695
Saint Lucia,1998,0.697
Saint Lucia,1999,0.698
Saint Lucia,2000,0.698
Saint Lucia,2001,0.697
Saint Lucia,2002,0.699
Saint Lucia,2003,0.701
Saint Lucia,2004,0.704
Saint Lucia,2005,0.709
Saint Lucia,2006,0.718
Saint Lucia,2007,0.718
Saint Lucia,2008,0.723
Saint Lucia,2009,0.725
Saint Lucia,2010,0.728
Saint Lucia,2011,0.734
Saint Lucia,2012,0.734
Saint Lucia,2013,0.734
Saint Lucia,2014,0.735
Saint Lucia,2015,0.737
Saint Lucia,2016,0.744
Saint Lucia,2017,0.744
Saint Lucia,2018,0.746
Saint Lucia,2019,0.735
Saint Lucia,2020,0.723
Saint Lucia,2021,0.715
Saint Vincent and the Grenadines,2000,0.683
Saint Vincent and the Grenadines,2001,0.689
Saint Vincent and the Grenadines,2002,0.695
Saint Vincent and the Grenadines,2003,0.702
Saint Vincent and the Grenadines,2004,0.708
Saint Vincent and the Grenadines,2005,0.713
Saint Vincent and the Grenadines,2006,0.722
Saint Vincent and the Grenadines,2007,0.73
Saint Vincent and the Grenadines,2008,0.734
Saint Vincent and the Grenadines,2009,0.736
Saint Vincent and the Grenadines,2010,0.734
Saint Vincent and the Grenadines,2011,0.736
Saint Vincent and the Grenadines,2012,0.737
Saint Vincent and the Grenadines,2013,0.743
Saint Vincent and the Grenadines,2014,0.752
Saint Vincent and the Grenadines,2015,0.759
Saint Vincent and the Grenadines,2016,0.765
Saint Vincent and the Grenadines,2017,0.774
Saint Vincent and the Grenadines,2018,0.775
Saint Vincent and the Grenadines,2019,0.769
Saint Vincent and the Grenadines,2020,0.764
Saint Vincent and the Grenadines,2021,0.751
Seychelles,2000,0.744
Seychelles,2001,0.741
Seychelles,2002,0.742
Seychelles,2003,0.746
Seychelles,2004,0.747
Seychelles,2005,0.762
Seychelles,2006,0.753
Seychelles,2007,0.77
Seychelles,2008,0.771
Seychelles,2009,0.77
Seychelles,2010,0.776
Seychelles,2011,0.766
Seychelles,2012,0.786
Seychelles,2013,0.787
Seychelles,2014,0.796
Seychelles,2015,0.796
Seychelles,2016,0.796
Seychelles,2017,0.796
Seychelles,2018,0.8
Seychelles,2019,0.802
Seychelles,2020,0.793
Seychelles,2021,0.785
Sierra Leone,1990,0.312
Sierra Leone,1991,0.305
Sierra Leone,1992,0.305
Sierra Leone,1993,0.312
Sierra Leone,1994,0.312
Sierra Leone,1995,0.314
Sierra Leone,1996,0.312
Sierra Leone,1997,0.307
Sierra Leone,1998,0.305
Sierra Leone,1999,0.301
Sierra Leone,2000,0.318
Sierra Leone,2001,0.331
Sierra Leone,2002,0.347
Sierra Leone,2003,0.357
Sierra Leone,2004,0.364
Sierra Leone,2005,0.372
Sierra Leone,2006,0.382
Sierra Leone,2007,0.397
Sierra Leone,2008,0.409
Sierra Leone,2009,0.42
Sierra Leone,2010,0.427
Sierra Leone,2011,0.433
Sierra Leone,2012,0.447
Sierra Leone,2013,0.459
Sierra Leone,2014,0.461
Sierra Leone,2015,0.453
Sierra Leone,2016,0.457
Sierra Leone,2017,0.466
Sierra Leone,2018,0.47
Sierra Leone,2019,0.48
Sierra Leone,2020,0.475
Sierra Leone,2021,0.477
Singapore,1990,0.727
Singapore,1991,0.737
Singapore,1992,0.748
Singapore,1993,0.758
Singapore,1994,0.77
Singapore,1995,0.779
Singapore,1996,0.789
Singapore,1997,0.802
Singapore,1998,0.81
Singapore,1999,0.82
Singapore,2000,0.831
Singapore,2001,0.833
Singapore,2002,0.84
Singapore,2003,0.845
Singapore,2004,0.851
Singapore,2005,0.875
Singapore,2006,0.881
Singapore,2007,0.887
Singapore,2008,0.892
Singapore,2009,0.892
Singapore,2010,0.91
Singapore,2011,0.915
Singapore,2012,0.92
Singapore,2013,0.923
Singapore,2014,0.928
Singapore,2015,0.93
Singapore,2016,0.934
Singapore,2017,0.935
Singapore,2018,0.94
Singapore,2019,0.943
Singapore,2020,0.939
Singapore,2021,0.939
Solomon Islands,1999,0.499
Solomon Islands,2000,0.486
Solomon Islands,2001,0.49
Solomon Islands,2002,0.496
Solomon Islands,2003,0.501
Solomon Islands,2004,0.507
Solomon Islands,2005,0.512
Solomon Islands,2006,0.52
Solomon Islands,2007,0.523
Solomon Islands,2008,0.531
Solomon Islands,2009,0.538
Solomon Islands,2010,0.55
Solomon Islands,2011,0.553
Solomon Islands,2012,0.554
Solomon Islands,2013,0.559
Solomon Islands,2014,0.558
Solomon Islands,2015,0.559
Solomon Islands,2016,0.56
Solomon Islands,2017,0.564
Solomon Islands,2018,0.566
Solomon Islands,2019,0.567
Solomon Islands,2020,0.565
Solomon Islands,2021,0.564
South Africa,1990,0.632
South Africa,1991,0.641
South Africa,1992,0.647
South Africa,1993,0.652
South Africa,1994,0.658
South Africa,1995,0.661
South Africa,1996,0.656
South Africa,1997,0.651
South Africa,1998,0.644
South Africa,1999,0.638
South Africa,2000,0.633
South Africa,2001,0.629
South Africa,2002,0.633
South Africa,2003,0.629
South Africa,2004,0.63
South Africa,2005,0.632
South Africa,2006,0.637
South Africa,2007,0.644
South Africa,2008,0.653
South Africa,2009,0.665
South Africa,2010,0.675
South Africa,2011,0.686
South Africa,2012,0.696
South Africa,2013,0.704
South Africa,2014,0.712
South Africa,2015,0.716
South Africa,2016,0.719
South Africa,2017,0.72
South Africa,2018,0.726
South Africa,2019,0.736
South Africa,2020,0.727
South Africa,2021,0.713
South Sudan,2010,0.43
South Sudan,2011,0.433
South Sudan,2012,0.397
South Sudan,2013,0.411
South Sudan,2014,0.41
South Sudan,2015,0.412
South Sudan,2016,0.402
South Sudan,2017,0.395
South Sudan,2018,0.395
South Sudan,2019,0.393
South Sudan,2020,0.386
South Sudan,2021,0.385
Sri Lanka,1990,0.636
Sri Lanka,1991,0.641
Sri Lanka,1992,0.65
Sri Lanka,1993,0.658
Sri Lanka,1994,0.663
Sri Lanka,1995,0.666
Sri Lanka,1996,0.672
Sri Lanka,1997,0.678
Sri Lanka,1998,0.683
Sri Lanka,1999,0.691
Sri Lanka,2000,0.688
Sri Lanka,2001,0.69
Sri Lanka,2002,0.694
Sri Lanka,2003,0.699
Sri Lanka,2004,0.683
Sri Lanka,2005,0.71
Sri Lanka,2006,0.714
Sri Lanka,2007,0.719
Sri Lanka,2008,0.721
Sri Lanka,2009,0.713
Sri Lanka,2010,0.737
Sri Lanka,2011,0.744
Sri Lanka,2012,0.751
Sri Lanka,2013,0.756
Sri Lanka,2014,0.76
Sri Lanka,2015,0.764
Sri Lanka,2016,0.767
Sri Lanka,2017,0.771
Sri Lanka,2018,0.776
Sri Lanka,2019,0.778
Sri Lanka,2020,0.78
Sri Lanka,2021,0.782
Sudan,1990,0.336
Sudan,1991,0.342
Sudan,1992,0.331
Sudan,1993,0.34
Sudan,1994,0.383
Sudan,1995,0.371
Sudan,1996,0.379
Sudan,1997,0.388
Sudan,1998,0.376
Sudan,1999,0.413
Sudan,2000,0.424
Sudan,2001,0.431
Sudan,2002,0.436
Sudan,2003,0.439
Sudan,2004,0.441
Sudan,2005,0.448
Sudan,2006,0.465
Sudan,2007,0.47
Sudan,2008,0.478
Sudan,2009,0.486
Sudan,2010,0.486
Sudan,2011,0.487
Sudan,2012,0.493
Sudan,2013,0.497
Sudan,2014,0.504
Sudan,2015,0.508
Sudan,2016,0.511
Sudan,2017,0.514
Sudan,2018,0.514
Sudan,2019,0.514
Sudan,2020,0.51
Sudan,2021,0.508
Tanzania,1990,0.371
Tanzania,1991,0.371
Tanzania,1992,0.369
Tanzania,1993,0.369
Tanzania,1994,0.369
Tanzania,1995,0.37
Tanzania,1996,0.372
Tanzania,1997,0.373
Tanzania,1998,0.38
Tanzania,1999,0.39
Tanzania,2000,0.398
Tanzania,2001,0.406
Tanzania,2002,0.416
Tanzania,2003,0.426
Tanzania,2004,0.436
Tanzania,2005,0.446
Tanzania,2006,0.456
Tanzania,2007,0.465
Tanzania,2008,0.473
Tanzania,2009,0.482
Tanzania,2010,0.493
Tanzania,2011,0.499
Tanzania,2012,0.504
Tanzania,2013,0.51
Tanzania,2014,0.515
Tanzania,2015,0.52
Tanzania,2016,0.524
Tanzania,2017,0.528
Tanzania,2018,0.538
Tanzania,2019,0.548
Tanzania,2020,0.548
Tanzania,2021,0.549
Tonga,1990,0.645
Tonga,1991,0.652
Tonga,1992,0.656
Tonga,1993,0.663
Tonga,1994,0.672
Tonga,1995,0.676
Tonga,1996,0.678
Tonga,1997,0.68
Tonga,1998,0.685
Tonga,1999,0.688
Tonga,2000,0.685
Tonga,2001,0.688
Tonga,2002,0.694
Tonga,2003,0.701
Tonga,2004,0.702
Tonga,2005,0.702
Tonga,2006,0.703
Tonga,2007,0.704
Tonga,2008,0.709
Tonga,2009,0.708
Tonga,2010,0.713
Tonga,2011,0.72
Tonga,2012,0.723
Tonga,2013,0.725
Tonga,2014,0.727
Tonga,2015,0.73
Tonga,2016,0.735
Tonga,2017,0.74
Tonga,2018,0.742
Tonga,2019,0.744
Tonga,2020,0.745
Tonga,2021,0.745
Trinidad and Tobago,1990,0.66
Trinidad and Tobago,1991,0.665
Trinidad and Tobago,1992,0.663
Trinidad and Tobago,1993,0.667
Trinidad and Tobago,1994,0.67
Trinidad and Tobago,1995,0.678
Trinidad and Tobago,1996,0.684
Trinidad and Tobago,1997,0.69
Trinidad and Tobago,1998,0.7
Trinidad and Tobago,1999,0.703
Trinidad and Tobago,2000,0.712
Trinidad and Tobago,2001,0.721
Trinidad and Tobago,2002,0.732
Trinidad and Tobago,2003,0.737
Trinidad and Tobago,2004,0.752
Trinidad and Tobago,2005,0.758
Trinidad and Tobago,2006,0.767
Trinidad and Tobago,2007,0.773
Trinidad and Tobago,2008,0.777
Trinidad and Tobago,2009,0.787
Trinidad and Tobago,2010,0.79
Trinidad and Tobago,2011,0.794
Trinidad and Tobago,2012,0.8
Trinidad and Tobago,2013,0.806
Trinidad and Tobago,2014,0.809
Trinidad and Tobago,2015,0.816
Trinidad and Tobago,2016,0.815
Trinidad and Tobago,2017,0.817
Trinidad and Tobago,2018,0.815
Trinidad and Tobago,2019,0.821
Trinidad and Tobago,2020,0.818
Trinidad and Tobago,2021,0.81
Tuvalu,1990,0.559
Tuvalu,1991,0.562
Tuvalu,1992,0.558
Tuvalu,1993,0.57
Tuvalu,1994,0.577
Tuvalu,1995,0.575
Tuvalu,1996,0.573
Tuvalu,1997,0.579
Tuvalu,1998,0.589
Tuvalu,1999,0.592
Tuvalu,2000,0.597
Tuvalu,2001,0.61
Tuvalu,2002,0.62
Tuvalu,2003,0.605
Tuvalu,2004,0.61
Tuvalu,2005,0.61
Tuvalu,2006,0.611
Tuvalu,2007,0.613
Tuvalu,2008,0.618
Tuvalu,2009,0.615
Tuvalu,2010,0.616
Tuvalu,2011,0.616
Tuvalu,2012,0.624
Tuvalu,2013,0.628
Tuvalu,2014,0.627
Tuvalu,2015,0.643
Tuvalu,2016,0.636
Tuvalu,2017,0.634
Tuvalu,2018,0.642
Tuvalu,2019,0.635
Tuvalu,2020,0.639
Tuvalu,2021,0.641
Uganda,1990,0.329
Uganda,1991,0.331
Uganda,1992,0.325
Uganda,1993,0.332
Uganda,1994,0.336
Uganda,1995,0.342
Uganda,1996,0.354
Uganda,1997,0.364
Uganda,1998,0.373
Uganda,1999,0.385
Uganda,2000,0.394
Uganda,2001,0.404
Uganda,2002,0.417
Uganda,2003,0.429
Uganda,2004,0.444
Uganda,2005,0.454
Uganda,2006,0.466
Uganda,2007,0.476
Uganda,2008,0.484
Uganda,2009,0.494
Uganda,2010,0.502
Uganda,2011,0.506
Uganda,2012,0.504
Uganda,2013,0.509
Uganda,2014,0.512
Uganda,2015,0.517
Uganda,2016,0.519
Uganda,2017,0.52
Uganda,2018,0.522
Uganda,2019,0.525
Uganda,2020,0.524
Uganda,2021,0.525
United Arab Emirates,1990,0.728
United Arab Emirates,1991,0.739
United Arab Emirates,1992,0.742
United Arab Emirates,1993,0.748
United Arab Emirates,1994,0.755
United Arab Emirates,1995,0.762
United Arab Emirates,1996,0.767
United Arab Emirates,1997,0.773
United Arab Emirates,1998,0.779
United Arab Emirates,1999,0.787
United Arab Emirates,2000,0.796
United Arab Emirates,2001,0.8
United Arab Emirates,2002,0.804
United Arab Emirates,2003,0.814
United Arab Emirates,2004,0.818
United Arab Emirates,2005,0.822
United Arab Emirates,2006,0.827
United Arab Emirates,2007,0.831
United Arab Emirates,2008,0.834
United Arab Emirates,2009,0.833
United Arab Emirates,2010,0.835
United Arab Emirates,2011,0.84
United Arab Emirates,2012,0.846
United Arab Emirates,2013,0.852
United Arab Emirates,2014,0.859
United Arab Emirates,2015,0.865
United Arab Emirates,2016,0.87
United Arab Emirates,2017,0.897
United Arab Emirates,2018,0.909
United Arab Emirates,2019,0.92
United Arab Emirates,2020,0.912
United Arab Emirates,2021,0.911
United Kingdom,1990,0.804
United Kingdom,1991,0.809
United Kingdom,1992,0.816
United Kingdom,1993,0.82
United Kingdom,1994,0.828
United Kingdom,1995,0.828
United Kingdom,1996,0.834
United Kingdom,1997,0.842
United Kingdom,1998,0.848
United Kingdom,1999,0.855
United Kingdom,2000,0.862
United Kingdom,2001,0.868
United Kingdom,2002,0.873
United Kingdom,2003,0.878
United Kingdom,2004,0.889
United Kingdom,2005,0.895
United Kingdom,2006,0.894
United Kingdom,2007,0.897
United Kingdom,2008,0.9
United Kingdom,2009,0.906
United Kingdom,2010,0.912
United Kingdom,2011,0.908
United Kingdom,2012,0.909
United Kingdom,2013,0.922
United Kingdom,2014,0.924
United Kingdom,2015,0.924
United Kingdom,2016,0.927
United Kingdom,2017,0.93
United Kingdom,2018,0.929
United Kingdom,2019,0.935
United Kingdom,2020,0.924
United Kingdom,2021,0.929
United States,1990,0.872
United States,1991,0.873
United States,1992,0.878
United States,1993,0.88
United States,1994,0.884
United States,1995,0.885
United States,1996,0.887
United States,1997,0.89
United States,1998,0.893
United States,1999,0.889
United States,2000,0.891
United States,2001,0.892
United States,2002,0.893
United States,2003,0.895
United States,2004,0.898
United States,2005,0.9
United States,2006,0.904
United States,2007,0.906
United States,2008,0.906
United States,2009,0.908
United States,2010,0.911
United States,2011,0.913
United States,2012,0.916
United States,2013,0.917
United States,2014,0.919
United States,2015,0.92
United States,2016,0.922
United States,2017,0.924
United States,2018,0.927
United States,2019,0.93
United States,2020,0.92
United States,2021,0.921
Vanuatu,2005,0.578
Vanuatu,2006,0.584
Vanuatu,2007,0.585
Vanuatu,2008,0.591
Vanuatu,2009,0.591
Vanuatu,2010,0.591
Vanuatu,2011,0.593
Vanuatu,2012,0.59
Vanuatu,2013,0.593
Vanuatu,2014,0.595
Vanuatu,2015,0.595
Vanuatu,2016,0.596
Vanuatu,2017,0.599
Vanuatu,2018,0.603
Vanuatu,2019,0.611
Vanuatu,2020,0.608
Vanuatu,2021,0.607
Yemen,1990,0.383
Yemen,1991,0.386
Yemen,1992,0.391
Yemen,1993,0.397
Yemen,1994,0.399
Yemen,1995,0.409
Yemen,1996,0.419
Yemen,1997,0.427
Yemen,1998,0.435
Yemen,1999,0.441
Yemen,2000,0.45
Yemen,2001,0.46
Yemen,2002,0.468
Yemen,2003,0.476
Yemen,2004,0.483
Yemen,2005,0.489
Yemen,2006,0.494
Yemen,2007,0.498
Yemen,2008,0.501
Yemen,2009,0.506
Yemen,2010,0.51
Yemen,2011,0.509
Yemen,2012,0.512
Yemen,2013,0.513
Yemen,2014,0.505
Yemen,2015,0.477
Yemen,2016,0.467
Yemen,2017,0.459
Yemen,2018,0.459
Yemen,2019,0.461
Yemen,2020,0.46
Yemen,2021,0.455
Zambia,1990,0.412
Zambia,1991,0.408
Zambia,1992,0.408
Zambia,1993,0.414
Zambia,1994,0.411
Zambia,1995,0.413
Zambia,1996,0.414
Zambia,1997,0.413
Zambia,1998,0.411
Zambia,1999,0.413
Zambia,2000,0.418
Zambia,2001,0.425
Zambia,2002,0.434
Zambia,2003,0.448
Zambia,2004,0.459
Zambia,2005,0.472
Zambia,2006,0.484
Zambia,2007,0.495
Zambia,2008,0.506
Zambia,2009,0.519
Zambia,2010,0.529
Zambia,2011,0.534
Zambia,2012,0.548
Zambia,2013,0.554
Zambia,2014,0.557
Zambia,2015,0.562
Zambia,2016,0.564
Zambia,2017,0.568
Zambia,2018,0.572
Zambia,2019,0.575
Zambia,2020,0.57
Zambia,2021,0.565
Zimbabwe,1990,0.509
Zimbabwe,1991,0.512
Zimbabwe,1992,0.498
Zimbabwe,1993,0.491
Zimbabwe,1994,0.486
Zimbabwe,1995,0.477
Zimbabwe,1996,0.476
Zimbabwe,1997,0.472
Zimbabwe,1998,0.466
Zimbabwe,1999,0.457
Zimbabwe,2000,0.452
Zimbabwe,2001,0.441
Zimbabwe,2002,0.452
Zimbabwe,2003,0.439
Zimbabwe,2004,0.446
Zimbabwe,2005,0.448
Zimbabwe,2006,0.452
Zimbabwe,2007,0.454
Zimbabwe,2008,0.454
Zimbabwe,2009,0.486
Zimbabwe,2010,0.512
Zimbabwe,2011,0.535
Zimbabwe,2012,0.557
Zimbabwe,2013,0.567
Zimbabwe,2014,0.576
Zimbabwe,2015,0.582
Zimbabwe,2016,0.588
Zimbabwe,2017,0.594
Zimbabwe,2018,0.602
Zimbabwe,2019,0.601
Zimbabwe,2020,0.6
Zimbabwe,2021,0.593
